{"accuracy": [0.2997058629989624, 0.46370935440063477, 0.5663407444953918, 0.6223865151405334, 0.6801812648773193, 0.5621273517608643, 0.7217584848403931, 0.7805072069168091, 0.8148501515388489, 0.8316241502761841, 0.8523730039596558, 0.8677160143852234, 0.8739963173866272], "loss": [2.4365291595458984, 1.7879313230514526, 1.4124886989593506, 1.2035270929336548, 1.0248081684112549, 1.4264841079711914, 0.8642270565032959, 0.6735079884529114, 0.5568118691444397, 0.5002542734146118, 0.4336276650428772, 0.3800700008869171, 0.3563278019428253], "val_accuracy": [0.5409207344055176, 0.6767902970314026, 0.7426470518112183, 0.7615089416503906, 0.7688618898391724, 0.7691816091537476, 0.8085038065910339, 0.8382353186607361, 0.8542199730873108, 0.8634910583496094, 0.8762787580490112, 0.8801150918006897, 0.8900255560874939], "val_loss": [1.6726714372634888, 1.2488127946853638, 1.0154238939285278, 0.8781474232673645, 0.7898171544075012, 0.6935076713562012, 0.5867504477500916, 0.5064452886581421, 0.4608199894428253, 0.42079678177833557, 0.40044739842414856, 0.3834402561187744, 0.36350101232528687], "learning_rate": [9.999999747378752e-05, 9.999999747378752e-05, 9.999999747378752e-05, 9.999999747378752e-05, 9.999999747378752e-05, 9.999999747378752e-06, 9.999999747378752e-06, 9.999999747378752e-06, 9.999999747378752e-06, 9.999999747378752e-06, 9.999999747378752e-06, 9.999999747378752e-06, 9.999999747378752e-06]}