{"accuracy": [0.9774238467216492, 0.9779984951019287, 0.9816927909851074, 0.982267439365387, 0.9846482276916504, 0.9739758372306824, 0.9821853637695312, 0.9869468808174133, 0.9880141019821167, 0.9903948903083801], "loss": [0.07191529124975204, 0.06388860940933228, 0.06271790713071823, 0.058748483657836914, 0.05045510083436966, 0.07858478277921677, 0.05815620720386505, 0.039085015654563904, 0.03508085012435913, 0.030967477709054947], "val_accuracy": [0.9442244172096252, 0.9561055898666382, 0.9623762369155884, 0.9603960514068604, 0.9653465151786804, 0.9660065770149231, 0.9656765460968018, 0.9706270694732666, 0.9712871313095093, 0.975907564163208], "val_loss": [0.2459198534488678, 0.13921357691287994, 0.13510242104530334, 0.15914574265480042, 0.12414207309484482, 0.107840396463871, 0.10379242151975632, 0.09300106018781662, 0.09425825625658035, 0.08710481226444244], "learning_rate": [9.999999747378752e-05, 9.999999747378752e-05, 9.999999747378752e-05, 9.999999747378752e-05, 9.999999747378752e-05, 9.999999747378752e-06, 9.999999747378752e-06, 9.999999747378752e-06, 9.999999747378752e-06, 9.999999747378752e-06]}